{"posicion":{"x":61.383975982666019,"y":17.39894676208496,"z":-0.6739696860313416},"inventario":["llave","","","","","","","","",""]}