{"posicion":{"x":65.57597351074219,"y":17.39894676208496,"z":-0.6739696860313416},"inventario":["llave","","","","","","","","",""]}